{
  "AuthenticationKey": "f5b7d2acd090f2e15d90f2b91a9a1ad8ae219c2ab333fc47dd53fc32e15364e9",
  "FilesIncluded": [
    "requisition_8.json"
  ],
  "VesselId": 3319,
  "VersionHistoryId": 4606,
  "isRegistration": false,
  "isOnlyAcknowledgement": false,
  "FileDetails": [
    {
      "FileName": "requisition_8.json",
      "SyncRequestNumber": "3319_20210106143646008",
      "VesselId": 3319,
      "VersionHistoryId": 4606,
      "EntityId": 607,
      "EntityTypeId": 1
    }
  ]
}