{
  "TRN_Requisition_Details": [
    {
      "RequisitionDetailId": 145,
      "RequisitionId": 607,
      "ItemId": 48513,
      "RequestedQty": 1.0,
      "RequestedUOMId": 2071,
      "VesselId": 3319
    }
  ],
  "TRN_Requisition": [
    {
      "RequisitionId": 607,
      "RequisitionNo": "CGT/0106/RV00502",
      "VesselId": 3319,
      "RequisitionDate": "2021-01-06",
      "RequisitionTypeId": 2,
      "LoadingPortId": 1825,
      "ETA": "2021-01-06",
      "ETD": "2021-01-07",
      "Noofdays": 1,"StatusId": 1,      "VesselModuleId": 607,
      "NoOfExtraMeals": 1,
      "ReferenceTypeId": 4,
      "ReferenceId": 0,
      "RequisitionFor": 1
    }
  ],
  "TRN_VesselModuleTransactionLog": [
    {
      "TransactionLogId": 62,
      "EntityTypeId": 1,
      "EntityId": 607,
      "TransactionStatusId": 5,
      "IsCurrent": true,
      "StatusDateTime": "2021-01-06",
      "VesselUserTypeId": 1,
      "UserMessage": "The requisition has submitted to ocl.",
      "UserId": 5674,
      "VersionHistoryId": 4606,
      "LastSyncedDate": "2021-01-06",
      "VesselModuleId": 607,
      "IsFromCMSToVM": false,
      "SyncRequestNumber": "3319_20210106143646008",
      "IsAcknowledgedFromCms": false,
      "IsAcknowledgedFromVm": false,
      "VesselId": 3319
    }
  ]
}/R